{
  "total_parcels": 62,
  "timestamp": "2025-08-20T15:59:29.121342",
  "land_use_distribution": {
    "DEVELOPED": 25,
    "FOREST": 21,
    "AGRICULTURE": 11,
    "RANGELAND_PASTURE": 5
  },
  "average_proportions": {
    "agriculture_pct": 14.669873510043715,
    "developed_pct": 38.548953567265514,
    "forest_pct": 37.05223405782003,
    "other_pct": 0.10240655401945724,
    "rangeland_pasture_pct": 9.626532310851283
  },
  "pixel_statistics": {
    "total_valid_pixels": "14432",
    "avg_pixels_per_parcel": 232.7741935483871,
    "parcels_with_no_pixels": "0"
  },
  "validation": {
    "valid_parcels": "62",
    "invalid_parcels": "0",
    "validation_rate": 100.0
  },
  "processing_stats": {
    "total_parcels": 62,
    "total_time_seconds": 1.994168758392334,
    "average_parcels_per_second": 31.09064854169282,
    "n_chunks": 2,
    "chunk_stats": {
      "main": {
        "n_parcels": 50,
        "processing_time": 1.2050957679748535,
        "parcels_per_second": 41.49047845718046
      },
      "1": {
        "n_parcels": 12,
        "processing_time": 0.7890729904174805,
        "parcels_per_second": 15.207718608707003
      }
    }
  }
}